-- phpMyAdmin SQL Dump
-- version 5.2.0
-- https://www.phpmyadmin.net/
--
-- Host: 127.0.0.1
-- Generation Time: Mar 16, 2023 at 01:19 PM
-- Server version: 10.4.27-MariaDB
-- PHP Version: 8.1.12

SET SQL_MODE = "NO_AUTO_VALUE_ON_ZERO";
START TRANSACTION;
SET time_zone = "+00:00";


/*!40101 SET @OLD_CHARACTER_SET_CLIENT=@@CHARACTER_SET_CLIENT */;
/*!40101 SET @OLD_CHARACTER_SET_RESULTS=@@CHARACTER_SET_RESULTS */;
/*!40101 SET @OLD_COLLATION_CONNECTION=@@COLLATION_CONNECTION */;
/*!40101 SET NAMES utf8mb4 */;

--
-- Database: `record_app`
--

-- --------------------------------------------------------

--
-- Table structure for table `employee`
--

CREATE TABLE `employee` (
  `id` int(11) NOT NULL,
  `lastname` varchar(45) NOT NULL,
  `firstname` varchar(45) NOT NULL,
  `office_id` int(11) NOT NULL,
  `address` varchar(100) DEFAULT NULL
) ENGINE=InnoDB DEFAULT CHARSET=utf8mb4 COLLATE=utf8mb4_general_ci;

--
-- Dumping data for table `employee`
--

INSERT INTO `employee` (`id`, `lastname`, `firstname`, `office_id`, `address`) VALUES
(1, 'Doe', 'Jane', 3, 'PPC'),
(2, 'Doe', 'John', 1, 'Roxas'),
(3, 'Reid', 'Spence', 1, NULL),
(4, 'Martinez', 'Kristine Joy', 3, ''),
(5, 'demo', 'demo', 2, ''),
(6, 'Kunze', 'Howell', 195, '71536 Oswaldo Harbor Apt. 272'),
(7, 'Howell', 'Karl', 37, '36658 Maegan Lane Suite 547'),
(8, 'Rippin', 'Jamar', 197, '815 Stanton Parks'),
(9, 'Considine', 'Kraig', 67, '203 Langworth Ville Apt. 452'),
(10, 'Schaden', 'Golden', 70, '1465 Kulas Passage Suite 800'),
(11, 'Kilback', 'Francis', 186, '00351 Jones Flat'),
(12, 'Mayert', 'Cristal', 38, '957 Pietro Islands Suite 899'),
(13, 'Oberbrunner', 'Emerald', 3, '1703 Jose Ramp'),
(14, 'Towne', 'Clovis', 15, '8715 Hamill Circle'),
(15, 'Hammes', 'Minerva', 96, '595 Howe Avenue'),
(16, 'McLaughlin', 'Soledad', 123, '1227 Sydnie Hill'),
(17, 'Trantow', 'Brannon', 80, '83831 Gaylord Locks Apt. 152'),
(18, 'Rath', 'Boris', 4, '57858 Dooley Mall'),
(19, 'Rath', 'Wilton', 138, '27296 Dolores Track'),
(20, 'Lemke', 'Kitty', 136, '720 Fritsch Estate Suite 499'),
(21, 'Yost', 'Imani', 103, '2448 Kihn Green Apt. 284'),
(22, 'Leannon', 'Corbin', 188, '9551 Lemuel Summit'),
(23, 'Franecki', 'Roberto', 155, '3631 Durgan Creek Suite 698'),
(24, 'Green', 'Roma', 43, '518 Sporer Corner'),
(25, 'Pagac', 'Randall', 67, ''),
(26, 'Hegmann', 'Alaina', 41, '0444 Gutkowski Burg'),
(27, 'Green', 'Verner', 24, '574 Tamara Burg Apt. 549'),
(28, 'Gleason', 'Kiel', 6, '52147 Katrina Oval'),
(29, 'Jast', 'Domenica', 10, '4942 Helmer Orchard'),
(30, 'Koss', 'Assunta', 134, '92524 Muller Tunnel'),
(31, 'West', 'John', 115, '975 Daugherty Parkways Suite 092'),
(32, 'Hilll', 'Loraine', 166, '21976 Deangelo Isle Apt. 413'),
(33, 'Cole', 'Rachael', 105, '2239 Macie Pike Apt. 505'),
(34, 'Botsford', 'Jadyn', 45, '0945 Al Road Apt. 384'),
(35, 'Herzog', 'Hank', 140, '504 Koss Road'),
(36, 'Russel', 'Lorine', 64, '839 Dach Drive Apt. 876'),
(37, 'Kutch', 'Sigurd', 172, '11781 Ashton Radial'),
(38, 'Willms', 'Florine', 107, '42934 Diego Square Apt. 624'),
(39, 'Steuber', 'Julien', 91, '49103 Gutmann Overpass'),
(40, 'Haag', 'Brandyn', 28, '6257 Coleman Heights Apt. 864'),
(41, 'Kozey', 'Miracle', 13, '979 Nitzsche Ridges'),
(42, 'Waelchi', 'Mozell', 113, '4331 Beau Oval'),
(43, 'Kling', 'Jaren', 15, '01563 Catharine Ports Suite 621'),
(44, 'Auer', 'Kirstin', 59, ''),
(45, 'Thiel', 'Lexie', 152, ''),
(46, 'Becker', 'Earnestine', 117, '018 Ashton River'),
(47, 'Schuppe', 'Onie', 40, '80424 Alford Vista'),
(48, 'Bartell', 'Trent', 47, '4282 Elaina Groves'),
(49, 'Crist', 'Darrick', 68, '106 Runolfsson Turnpike'),
(50, 'Carter', 'Cordell', 198, '9806 Adams Knolls'),
(51, 'Kilback', 'Bulah', 110, '7166 Schmitt Garden'),
(52, 'Ortiz', 'Fernando', 194, '578 Maxwell Plains'),
(53, 'Friesen', 'Jadon', 143, '90491 Eudora Ridges'),
(54, 'Ebert', 'Halle', 64, '6650 Stokes Squares'),
(55, 'Schmeler', 'Peyton', 103, ''),
(56, 'Senger', 'Sonia', 85, '756 Flatley Pines'),
(57, 'Powlowski', 'Linda', 139, '616 Ferry Islands Apt. 307'),
(58, 'Bahringer', 'Jaquelin', 18, '74264 Claire Shore Apt. 890'),
(59, 'Labadie', 'Amina', 17, '0261 Desiree Circles Suite 576'),
(60, 'Quigley', 'Guiseppe', 58, '074 Myah Square Apt. 698'),
(61, 'Mraz', 'Antone', 99, '529 Kassulke Loaf Suite 033'),
(62, 'Erdman', 'Oswald', 13, '182 Koepp Plains'),
(63, 'Balistreri', 'Jordon', 180, '4509 Rolfson Crescent Suite 048'),
(64, 'Barton', 'Leif', 176, '284 Walsh Mount Apt. 776'),
(65, 'Williamson', 'Rudolph', 33, '06018 Karlie Circle'),
(66, 'Jaskolski', 'Estefania', 167, '286 Alvera Road'),
(67, 'Feeney', 'Rodrick', 83, '37340 Ora Parkways'),
(68, 'Deckow', 'Jazmin', 101, '9207 Sammie Motorway Apt. 417'),
(69, 'Waelchi', 'Talon', 98, '4102 Bethel Lake Suite 727'),
(70, 'Krajcik', 'Arely', 162, ''),
(71, 'Waelchi', 'Audra', 113, '3041 Mariano Fort'),
(72, 'Grimes', 'Stephania', 56, '7958 Zelma Island Suite 692'),
(73, 'Hessel', 'Verner', 104, '934 Dexter Mount'),
(74, 'Abshire', 'Damon', 158, '6369 Anna Greens'),
(75, 'Heller', 'Annabell', 93, '3002 Lockman Inlet'),
(76, 'Grimes', 'Adeline', 126, '9167 King Knoll'),
(77, 'Connelly', 'Ines', 180, '9121 Sporer Springs Suite 327'),
(78, 'Leannon', 'Garret', 168, '482 Tiana Common Suite 573'),
(79, 'Waelchi', 'Amy', 171, '68604 Rebekah Shores Apt. 380'),
(80, 'Leannon', 'Yvette', 12, '13503 White Springs'),
(81, 'Price', 'Ricky', 77, '1035 Roberto Underpass Suite 600'),
(82, 'Abernathy', 'Karson', 15, '5227 Sterling Wall Apt. 260'),
(83, 'Boehm', 'Cali', 94, '5573 Goldner Turnpike Apt. 636'),
(84, 'Kuhn', 'Boyd', 81, '12665 Sibyl Trail'),
(85, 'Nienow', 'Stanley', 82, '5558 Cummerata Stravenue Suite 867'),
(86, 'Armstrong', 'Yesenia', 177, '2364 Howard Meadow Apt. 368'),
(87, 'Prohaska', 'Buddy', 103, '1772 Zieme Lane'),
(88, 'Glover', 'Rosie', 86, '49471 Nia Mills'),
(89, 'Conn', 'River', 188, '69328 Wava Plaza'),
(90, 'Turner', 'Will', 3, '82659 Andreanne River'),
(91, 'White', 'Amely', 180, '638 Bashirian Drives Apt. 562'),
(92, 'Wiza', 'Otto', 158, '6120 Cleve Orchard'),
(93, 'Klein', 'Edyth', 189, '7342 Pagac Cove Apt. 240'),
(94, 'Murazik', 'Ora', 102, '7151 Emile Fords Suite 357'),
(95, 'Donnelly', 'Danika', 143, '7023 Hills Port'),
(96, 'Stiedemann', 'Shawna', 30, '9467 Logan Plains Apt. 170'),
(97, 'Fadel', 'Clotilde', 147, '7228 Mitchell Landing Suite 170'),
(98, 'Murray', 'Gladys', 151, '301 Aubrey Pine Apt. 907'),
(99, 'Jenkins', 'Krystina', 29, '262 Priscilla Ports Apt. 207'),
(100, 'Schulist', 'Bryana', 103, '808 Jast Meadows'),
(101, 'Reinger', 'Magali', 166, '8843 Nayeli Rest'),
(102, 'Huel', 'Desmond', 151, '092 Evelyn Glen Apt. 898'),
(103, 'Kuhic', 'Neva', 61, '14671 Kemmer Rapid Suite 248'),
(104, 'Mann', 'Andreanne', 167, '360 Ole Common'),
(105, 'Brown', 'Zachary', 130, '725 Murazik Terrace'),
(106, 'Powlowski', 'Sydnee', 26, ''),
(107, 'Schumm', 'Vinnie', 7, '5550 Lubowitz Island'),
(108, 'Mann', 'Annette', 144, '0492 Idell Park'),
(109, 'Stoltenberg', 'Jarred', 11, '2996 Deckow Plains'),
(110, 'Cruickshank', 'Ross', 196, '536 Wisozk Stravenue Suite 554'),
(111, 'Baumbach', 'Mario', 31, '3032 Chadd Forks Apt. 959'),
(112, 'Hessel', 'Wilber', 192, '9364 Wilton Loaf Suite 771'),
(113, 'Purdy', 'Angelo', 49, '034 Cronin Street Suite 559'),
(114, 'Kling', 'Barry', 72, '964 Ullrich Isle'),
(115, 'Ortiz', 'Keegan', 171, '386 Pierce Ramp'),
(116, 'Skiles', 'Eveline', 19, '548 Hintz Vista'),
(117, 'Gottlieb', 'Janessa', 34, '543 Reilly Crescent'),
(118, 'Lockman', 'Nathanial', 34, '92201 Russel Radial Suite 824'),
(119, 'Schumm', 'Eudora', 62, '9164 Polly Light'),
(120, 'Mertz', 'Sandy', 43, '65789 Kutch Tunnel Suite 253'),
(121, 'Lakin', 'Mckayla', 30, '3072 Myra Parkway Suite 296'),
(122, 'Haag', 'Bret', 30, '218 Pouros Radial'),
(123, 'Prohaska', 'Cordell', 151, '41842 Jalen Pine Apt. 120'),
(124, 'Dietrich', 'Cedrick', 58, ''),
(125, 'O\'Reilly', 'Glenda', 169, '93441 Bogan Loaf Suite 816'),
(126, 'Weimann', 'Clementina', 101, '74728 Auer Field Suite 705'),
(127, 'Hoppe', 'Camryn', 27, '08293 Sigurd Light Suite 371'),
(128, 'Langworth', 'Molly', 189, '935 Auer Street Apt. 242'),
(129, 'Kemmer', 'Rosa', 185, ''),
(130, 'Dooley', 'Eliane', 199, '209 Cecil Plain'),
(131, 'Yost', 'Domenica', 190, '4248 Brenden Grove'),
(132, 'Wiza', 'Skyla', 43, '18765 Willms Mountain'),
(133, 'Bergnaum', 'Weston', 129, ''),
(134, 'Hintz', 'Hillary', 141, '7720 Glover Rest Apt. 902'),
(135, 'Thiel', 'Providenci', 184, '55652 Nikki Road'),
(136, 'Wehner', 'Maxwell', 93, '24304 Modesto Spring'),
(137, 'Mraz', 'Paul', 17, '1787 Ansel Drives Suite 418'),
(138, 'Jacobi', 'Sallie', 36, '708 Rath Cove Suite 798'),
(139, 'Dibbert', 'Chaim', 195, '2655 Towne Via Suite 541'),
(140, 'Hessel', 'Bobby', 105, '76900 Gerlach Bypass'),
(141, 'Morar', 'Marjolaine', 28, '107 Sandy Turnpike Suite 355'),
(142, 'Hagenes', 'Alba', 92, '178 Ana Loaf'),
(143, 'Brekke', 'Carol', 50, '349 Jenkins Road Suite 166'),
(144, 'Quitzon', 'Blair', 58, '0600 Lowe Road Apt. 391'),
(145, 'Pagac', 'Dock', 100, '41873 Betty Hollow Apt. 618'),
(146, 'Cruickshank', 'Malachi', 186, '939 Hand Parkways'),
(147, 'Bashirian', 'Chandler', 171, '96346 Sally Ridge Apt. 627'),
(148, 'Macejkovic', 'Kaia', 67, '0385 Tina Throughway'),
(149, 'Kshlerin', 'Antonette', 102, '2550 Jaclyn Islands Suite 520'),
(150, 'Hermiston', 'Hal', 39, '6639 Nolan Haven'),
(151, 'Watsica', 'Tomasa', 31, '12747 Funk River'),
(152, 'Gusikowski', 'Lesly', 37, '325 Deion Throughway'),
(153, 'Dach', 'Alejandra', 99, '9489 Stoltenberg Alley Apt. 048'),
(154, 'Homenick', 'Connor', 4, '0736 Grace Forest Apt. 242'),
(155, 'Miller', 'Zelda', 133, '269 Becker Well Apt. 176'),
(156, 'Fahey', 'Lori', 28, '37579 Heaven Stravenue'),
(157, 'Gibson', 'Soledad', 13, '2877 Crist Rapids'),
(158, 'Gibson', 'Reta', 151, '7419 Lexie Mission'),
(159, 'Gerlach', 'Jackeline', 197, '509 O\'Reilly Shores'),
(160, 'McCullough', 'Kyla', 138, '521 Ruecker Mews'),
(161, 'Abernathy', 'Hilton', 168, '4539 Letha Square'),
(162, 'Herzog', 'Austin', 174, '5432 Hagenes Mount Apt. 972'),
(163, 'West', 'Jerome', 190, '93539 Greenholt Bypass Apt. 172'),
(164, 'Lindgren', 'Leanne', 125, '806 Goldner Parkway'),
(165, 'Ebert', 'Misty', 31, '160 Harber Mountains Suite 026'),
(166, 'Cummings', 'Orlo', 23, ''),
(167, 'Collins', 'Xavier', 113, '0236 Sonia View'),
(168, 'Kuphal', 'Marilyne', 7, '97712 Gus Manors Apt. 287'),
(169, 'Jenkins', 'Luigi', 190, '833 Schowalter Brooks'),
(170, 'Balistreri', 'Tyson', 76, '901 Sporer Corner'),
(171, 'Hilpert', 'Berniece', 50, '8177 Isaac Lane Apt. 321'),
(172, 'Hoppe', 'Quincy', 131, '725 Karson Brook Suite 612'),
(173, 'Quitzon', 'Alyson', 38, '274 Boyer Key'),
(174, 'Jaskolski', 'Aileen', 192, '241 Trinity Forges'),
(175, 'Hintz', 'Fritz', 42, '095 Reed Mountain'),
(176, 'Hane', 'Ella', 181, '672 Maida Roads'),
(177, 'Hintz', 'Flavie', 200, '520 Bartoletti Meadow Apt. 783'),
(178, 'Weissnat', 'Vivianne', 22, '20899 Wisoky Dale'),
(179, 'Gutkowski', 'Irma', 53, '4449 Estel Islands Suite 313'),
(180, 'Pfannerstill', 'Blanca', 97, '752 Elwin Burgs'),
(181, 'Dach', 'Colleen', 90, '19121 Kira Square'),
(182, 'Adams', 'Lindsay', 102, '669 Donnell Loop Apt. 223'),
(183, 'Rice', 'Diamond', 59, '8158 Hackett Freeway'),
(184, 'Cronin', 'Horacio', 129, ''),
(185, 'Dach', 'Adrain', 173, '95294 Walter Meadow Apt. 994'),
(186, 'Terry', 'Quincy', 125, '932 Schiller Valley'),
(187, 'Gusikowski', 'Vallie', 100, '02984 Gibson Mountain'),
(188, 'Mertz', 'Rosalinda', 173, '902 Maggio Glens'),
(189, 'Lockman', 'Ceasar', 104, '071 Euna Summit'),
(190, 'Goodwin', 'Lelia', 153, '733 Romaguera Inlet'),
(191, 'Veum', 'Santiago', 203, '6973 Toy Center'),
(192, 'Mante', 'Brendon', 5, '51582 Wilhelmine Flats Suite 951'),
(193, 'Gibson', 'Destinee', 138, '3222 Mosciski Tunnel Suite 139'),
(194, 'Dietrich', 'Dedrick', 44, '6474 Althea Ramp'),
(195, 'Ernser', 'Mary', 133, '98434 Gulgowski Station Apt. 321'),
(196, 'Jacobi', 'Larissa', 120, '55174 Grant Park'),
(197, 'Kub', 'Alayna', 137, '38997 Silas Station Suite 501'),
(198, 'Gaylord', 'Destini', 120, '2069 Friedrich Haven Apt. 290'),
(199, 'Bahringer', 'Flavie', 158, '8438 Euna Corner Suite 894'),
(200, 'Howe', 'Vilma', 85, '035 Nicola Orchard'),
(201, 'Dickens', 'Deja', 29, '138 Hammes Causeway Apt. 644'),
(202, 'Schinner', 'Elna', 64, ''),
(203, 'Will', 'Maxwell', 99, '451 Schmitt Meadow'),
(204, 'Steuber', 'Gisselle', 103, '7429 Stacy Village'),
(205, 'DuBuque', 'Effie', 111, '243 Ryan Mount Apt. 993');

-- --------------------------------------------------------

--
-- Table structure for table `office`
--

CREATE TABLE `office` (
  `id` int(11) NOT NULL,
  `name` varchar(45) NOT NULL,
  `contactnum` varchar(45) DEFAULT NULL,
  `email` varchar(45) DEFAULT NULL,
  `address` varchar(45) DEFAULT NULL,
  `city` varchar(45) DEFAULT NULL,
  `country` varchar(45) DEFAULT NULL,
  `postal` int(11) DEFAULT NULL
) ENGINE=InnoDB DEFAULT CHARSET=utf8mb4 COLLATE=utf8mb4_general_ci;

--
-- Dumping data for table `office`
--

INSERT INTO `office` (`id`, `name`, `contactnum`, `email`, `address`, `city`, `country`, `postal`) VALUES
(1, 'Computer Studies Department', '433-5684', 'csd@psu.palawan.edu.ph', 'IT Building', 'Puerto Princesa', 'Philippines', 5300),
(2, 'CS Dean\'s Office', '433-5686', 'cs@psu.palawan.edu.ph', 'CS Building', 'Puerto Princesa', 'Philippines', 5300),
(3, 'Creative Code Inc.', '433-5685', 'cci@gmail.com', '', '', '', 5300),
(4, 'Creative Code Inc.', '433-5685', 'cci@gmail.com', '', '', '', 5300),
(5, 'Office of the President', '433-1234', 'oup@psu.palawan.edu.ph', 'Admin building', '', '', 5300),
(6, 'Connelly-Streich', '(552)392-0672', 'Agnes11@Gislason.com', '35911 Bins Crossing', 'Josephinemouth', 'Solomon Islands', 43774),
(7, 'Wehner, Cummings and Keebler', '1-088-124-9606', 'Wintheiser.Willa@Terry.com', '2723 Gene Isle Suite 742', 'Delphamouth', '', 14514),
(8, 'Homenick Group', '542-290-8443', 'Cathy90@gmail.com', '5052 Dereck Divide', 'Howellland', 'Greece', 16666),
(9, 'Witting-Rutherford', '(184)494-1604', 'Schmeler.Abagail@Abbott.com', '55650 Hanna Loaf', '', 'French Polynesia', 43024),
(10, 'Runolfsson, Homenick and Emard', '825-294-0289', 'King.Heber@Aufderhar.biz', '536 Forrest Isle', 'Velvafurt', 'Panama', 99638),
(11, 'Borer-Kuphal', '(538)509-5765', 'Jennifer59@gmail.com', '053 Mckenzie Plains', 'Cronahaven', 'Ireland', 11466),
(12, 'Sipes-O\'Kon', '1-871-739-4115x462', 'oDaugherty@gmail.com', '5581 Heller Radial', 'Olsonville', 'Bahrain', 61322),
(13, 'Langosh, Mann and Johnson', '422.455.7503', 'Alphonso.Lehner@hotmail.com', '423 Darien Squares Suite 259', '', 'Saint Martin', 56685),
(14, 'Schulist, Mitchell and Rolfson', '(057)599-6921x933', 'xBraun@Kautzer.com', '441 Lina Ridges Apt. 658', 'West Madonnastad', 'Marshall Islands', 94691),
(15, 'Ledner, Thompson and Lakin', '1-028-981-3440x71053', 'bBahringer@hotmail.com', '1499 Lilly Tunnel Apt. 548', 'South Yoshikoshire', 'Mexico', 86361),
(16, 'Bergnaum-Hayes', '(341)375-5067', 'oKuhlman@Brown.com', '63079 Herminio Park', 'Binston', '', 54799),
(17, 'Strosin-Durgan', '02535119802', 'Thompson.Fernando@yahoo.com', '', 'North Jettieside', 'Marshall Islands', 70497),
(18, 'Stokes, Abbott and Harris', '1-118-768-6655x9778', 'Adella53@gmail.com', '2817 Mike Valley Apt. 365', 'Lake Retahaven', '', 80057),
(19, 'Huel-Sauer', '1-179-099-5479', 'Dayton.Barton@gmail.com', '9474 Schiller Cove', 'Port Paulamouth', 'Cuba', 13032),
(20, 'Gutmann, Kuhn and Cartwright', '1-900-870-7148x010', 'Effertz.Neva@hotmail.com', '1728 Nicole Mill', 'Liamstad', '', 96145),
(21, 'Kunde, Reilly and Satterfield', '(334)303-3007x6046', 'Shad02@Roberts.com', '113 Elena Via', 'Gustchester', 'Nepal', 48510),
(22, 'Price LLC', '877.607.8981x091', 'lDavis@Jacobson.com', '221 Kristy Landing', 'Mattfurt', 'Jersey', 31873),
(23, 'Skiles-Conn', '(826)822-0758', 'xGrant@hotmail.com', '0846 Bradtke Ford', 'Derickton', 'Cuba', 34552),
(24, 'O\'Reilly-Gorczany', '638-256-5854x0295', 'Joanie46@Hyatt.info', '56446 Ebert Center', 'North Grovershire', 'Korea', 16502),
(25, 'Treutel, Wolff and Deckow', '510.333.3450x33946', 'Marshall.Powlowski@Thiel.info', '74755 Koch Stream', 'Lake Cole', 'Libyan Arab Jamahiriya', 57780),
(26, 'Davis, Pagac and Balistreri', '114-248-2196x85196', 'Kacie09@hotmail.com', '17013 McLaughlin Mission Apt. 718', 'South Carmelo', 'Taiwan', 30580),
(27, 'Kris, Moen and Bayer', '+25(0)8370764347', 'Fiona.Hills@Hamill.com', '2862 Kevin Ways Suite 112', 'Port Carterborough', 'Bulgaria', 96680),
(28, 'Eichmann-McKenzie', '+25(4)3552324247', 'Tony16@hotmail.com', '', '', 'Netherlands Antilles', 53100),
(29, 'Hansen-Turner', '(163)485-7550x46228', 'Mckenzie.Emmerich@Bashirian.com', '1484 Leffler Lane Apt. 283', 'Harberberg', 'French Southern Territories', 34732),
(30, 'Anderson-Harber', '01499386486', 'Bertram.Franecki@Wisoky.com', '5272 Schiller Trail Suite 464', 'East Isabellaport', 'Bhutan', 3099),
(31, 'Feeney-Lesch', '1-023-792-1748x2310', 'Keaton.OKeefe@yahoo.com', '98515 Prosacco Ridges', 'New Elianebury', 'Uzbekistan', 69373),
(32, 'Yundt, Medhurst and Legros', '454.328.8555', 'Kristy31@Luettgen.com', '60771 Crist Walks Suite 619', 'Anabelside', 'Monaco', 22297),
(33, 'Reichert, Ryan and Bruen', '(758)857-1281x36977', 'Lucas.Sporer@gmail.com', '192 Coty Ramp', 'West Josue', 'Brazil', 49309),
(34, 'Bartell-Smitham', '193.954.7310', 'dBernhard@Feil.info', '967 Hamill Park Apt. 191', 'Lake April', 'Gabon', 12067),
(35, 'Bergstrom, Toy and Cormier', '1-066-748-7449x4097', 'bBailey@hotmail.com', '2923 Joanne Meadows', '', 'Australia', 13339),
(36, 'Rogahn, Marquardt and Wuckert', '(807)606-2487x865', 'Lee36@yahoo.com', '751 Webster Village', '', '', 72138),
(37, 'Williamson LLC', '+08(4)5614939756', 'Pamela.Jacobson@Kozey.com', '378 Volkman Vista', '', 'Congo', 10185),
(38, 'O\'Connell-Klocko', '983.073.3215x87360', 'sHuel@gmail.com', '483 Schiller Village Suite 058', 'Terrymouth', 'Seychelles', 75694),
(39, 'Wilderman-Mayert', '814.600.2216', 'Johan28@Welch.com', '8727 Runte Lights Suite 466', 'Millsmouth', 'Indonesia', 53584),
(40, 'Barrows, Witting and Hoppe', '804.790.7015x14259', 'Jarred.Dare@Kessler.biz', '903 Nova Underpass Suite 083', 'North Luigi', 'Malawi', 99310),
(41, 'Wisozk LLC', '1-971-456-4327x713', 'Harber.Luciano@yahoo.com', '83002 Cameron Circles Apt. 287', 'East Amarifurt', 'Micronesia', 61950),
(42, 'Padberg Ltd', '135-253-5220', 'Cummerata.Elena@Kshlerin.org', '904 Easter Parkways Suite 270', 'Jadaberg', 'Macao', 37738),
(43, 'Gibson and Sons', '01249357840', 'pGulgowski@hotmail.com', '71521 Stanton Club Suite 754', 'East Ansel', 'Thailand', 2162),
(44, 'Gutmann PLC', '126.798.4975', 'Schneider.Tomasa@Corwin.net', '791 Ritchie Crossroad', 'Casperberg', '', 30326),
(45, 'Abshire LLC', '778-162-8622', 'Julia26@hotmail.com', '23093 Lakin Prairie Suite 600', 'Murphyburgh', 'Djibouti', 93011),
(46, 'Hilll PLC', '221-987-9821', 'Lavon69@gmail.com', '249 Hoeger Springs Suite 342', 'West Tateland', 'Portugal', 50876),
(47, 'Graham-Barton', '00929348404', 'Vesta39@Bartell.com', '353 Powlowski Meadows', 'Juddville', 'Norfolk Island', 83055),
(48, 'Nikolaus LLC', '+25(8)5029993957', 'Dusty34@hotmail.com', '358 Hirthe Garden', 'Beckerburgh', 'Sudan', 91248),
(49, 'Hudson-Hilpert', '(241)779-6128x30414', 'Finn57@gmail.com', '213 Grant Port Apt. 481', 'Cliffordfurt', 'British Indian Ocean Territory (Chagos Archip', 79308),
(50, 'Watsica-Reilly', '+90(0)0799407260', 'Giovanna.Gleichner@Sipes.net', '37961 Crist Tunnel Apt. 307', 'Adrianahaven', 'Romania', 85491),
(51, 'Carroll-Schuster', '010.780.1614', 'Heaney.Alvena@gmail.com', '426 Jayce Run', 'Kunzemouth', 'Morocco', 16157),
(52, 'Stiedemann-Pacocha', '1-434-911-4253x37583', 'Bartoletti.Ubaldo@hotmail.com', '81428 VonRueden Cove', 'Ciaraville', 'Pakistan', 80752),
(53, 'Zulauf and Sons', '(026)732-8753x640', 'Beer.Celine@hotmail.com', '3321 Nicolas River Apt. 766', 'Port Stewart', 'Pakistan', 11745),
(54, 'Hamill PLC', '+87(4)1955235779', 'cKoelpin@Crooks.com', '72986 Brown Rapid', '', 'Pakistan', 33250),
(55, 'Mosciski, Nienow and Bauch', '(675)212-9922', 'Fadel.Orion@gmail.com', '', 'Scottymouth', 'Thailand', 49287),
(56, 'Miller, Rodriguez and Reichel', '1-981-491-3176x235', 'Emard.Alessandro@Schimmel.com', '5701 Layne Throughway Apt. 093', 'South Libby', 'Ecuador', 81928),
(57, 'Conn, Monahan and Padberg', '1-485-149-7485x2855', 'Cronin.Reina@gmail.com', '418 Barrows Fork', 'New Ciarabury', 'Fiji', 75291),
(58, 'Boehm Ltd', '+89(0)4358383326', 'Rickie65@gmail.com', '816 Aurelie Land Suite 219', 'Lake Shawnatown', 'Dominica', 42941),
(59, 'Cummings Ltd', '1-470-874-2302', 'Glennie47@Grant.com', '094 Cassin Point Apt. 960', 'Lake Barry', 'French Polynesia', 69109),
(60, 'Donnelly Inc', '1-740-566-1060x2084', 'Grayce.Schmitt@yahoo.com', '', '', '', 85713),
(61, 'Schaefer PLC', '757-339-3401', 'dLakin@hotmail.com', '15813 Morgan Glens Suite 377', 'Prohaskaside', '', 56065),
(62, 'Cronin PLC', '(826)541-2965', 'Williamson.Nigel@yahoo.com', '7009 Schinner Row Suite 191', 'South Anabel', 'Kuwait', 60701),
(63, 'Runolfsdottir, Padberg and Heller', '1-336-336-0123x41009', 'Keyon11@Effertz.biz', '7402 Adolfo Skyway Suite 436', 'Lake Elisaburgh', 'Samoa', 96260),
(64, 'Schmitt-Koss', '1-627-008-8636', 'Hiram.White@Flatley.com', '4863 Kreiger Mill Apt. 075', 'West Keaton', 'Georgia', 45828),
(65, 'Rutherford, Bernier and Feil', '473.871.1955', 'Marcellus.Hahn@gmail.com', '377 Brekke Oval', 'Port Enostown', 'Cocos (Keeling) Islands', 46828),
(66, 'Runolfsson, Stracke and Kuhlman', '(544)277-7574', 'Braxton50@gmail.com', '52215 Huel Trail', 'Port Reymundo', '', 90029),
(67, 'Reynolds, Fahey and Greenholt', '051-060-4708', 'pBreitenberg@hotmail.com', '7257 Hans Parks Suite 856', 'Kozeyview', 'Taiwan', 10597),
(68, 'Haag-Casper', '04331306087', 'Green.Prudence@Friesen.com', '0243 Schinner Common', 'Paucekborough', 'Armenia', 40198),
(69, 'Krajcik, Grant and Bergnaum', '(906)582-1442', 'aVolkman@Labadie.com', '96476 Simonis Terrace Suite 576', '', '', 60957),
(70, 'Walsh, Armstrong and Fahey', '730-766-8203', 'Milford24@hotmail.com', '99674 Brown Canyon', 'North Damionville', 'Mongolia', 84801),
(71, 'Parisian-Farrell', '393-171-1829', 'Hillary71@Borer.com', '6187 Huels Pine Suite 104', '', '', 15269),
(72, 'Jacobs-Jaskolski', '053.268.5475x0716', 'Sheila.Bergnaum@hotmail.com', '2174 McCullough Meadows', 'Lake Hanktown', 'Cook Islands', 90237),
(73, 'Johnson-Terry', '+41(4)8213018587', 'Pouros.Braden@yahoo.com', '751 Rylan Flat', 'Trishaton', 'Norfolk Island', 1093),
(74, 'Anderson, Treutel and Heaney', '503-378-2469', 'Blanda.Austyn@yahoo.com', '', 'Purdyberg', '', 87916),
(75, 'Stoltenberg-O\'Hara', '147-620-3143', 'Clara.Zemlak@yahoo.com', '128 McGlynn Expressway', 'Leuschkemouth', 'Hungary', 54856),
(76, 'Rau, Zboncak and Gleichner', '1-332-464-0093x74872', 'fWolf@Waters.info', '369 Stoltenberg Square Suite 410', 'Ritchiechester', 'Mongolia', 87347),
(77, 'Predovic Inc', '01225961547', 'Dortha.Kunze@yahoo.com', '22936 Lowe Glens Suite 488', 'Romagueraland', '', 61937),
(78, 'Koelpin LLC', '1-649-795-8954x0970', 'Smitham.Pete@hotmail.com', '233 Renner Lodge', 'Gustaveborough', 'Macedonia', 56184),
(79, 'VonRueden and Sons', '1-862-475-7880', 'Theron93@yahoo.com', '', 'Lake Edmondside', 'Thailand', 96019),
(80, 'Stiedemann, Davis and Little', '598.729.1186x26515', 'gFritsch@Rath.info', '292 Johnpaul Forest', 'Klockoshire', 'United Kingdom', 26765),
(81, 'Orn, Schumm and Ritchie', '(528)823-2197x8546', 'Maymie.Bednar@Schaefer.com', '3268 Sporer Pine', 'Clevelandview', 'Saudi Arabia', 14657),
(82, 'Hessel, Conn and Balistreri', '1-057-402-2024x48706', 'Wilburn94@Feeney.com', '3501 Emard River', 'East Edgar', 'El Salvador', 58809),
(83, 'Ryan and Sons', '015-073-1788x373', 'Aliyah.Mills@gmail.com', '49030 Hillard Locks Apt. 093', 'Maybellehaven', 'Guyana', 57995),
(84, 'Hayes-Beahan', '02129726491', 'Hermiston.Willard@gmail.com', '08993 Howe Knolls', 'Isaacshire', 'Peru', 24395),
(85, 'Cole-Yundt', '814.821.5397', 'Camila.Bode@yahoo.com', '14353 Hartmann Highway', 'South Joshuah', '', 54384),
(86, 'Ruecker, Dach and Davis', '(914)124-6931', 'Raina.Herzog@Hamill.com', '8981 Hilbert Rest', 'North Caseyborough', 'Azerbaijan', 43009),
(87, 'Bernier-Mante', '538-665-6343x66314', 'Santa19@Rogahn.org', '43753 Emard Shores Apt. 326', 'Tremblaychester', 'Gambia', 93525),
(88, 'Homenick Inc', '(234)349-1659', 'Johns.Loyal@Ebert.org', '8894 Clifford Rapid', 'Rossieview', 'Macao', 33691),
(89, 'King Group', '995.063.3715x858', 'Gust.Wunsch@Langosh.biz', '', 'Oletaport', 'Sierra Leone', 70279),
(90, 'Kirlin, Pollich and Dare', '(737)368-2354', 'Witting.Octavia@hotmail.com', '86390 Hilma Stream', 'East Susanamouth', 'France', 3216),
(91, 'Reilly-Mraz', '201.217.0917x46106', 'Princess.Skiles@yahoo.com', '823 Champlin Ferry', 'New Jamal', 'Poland', 39615),
(92, 'Jones-Leuschke', '1-290-738-6253x76207', 'West.Tad@yahoo.com', '', 'Port Audrey', 'Estonia', 35736),
(93, 'Price, Bashirian and Prosacco', '(311)907-7784x8763', 'Barton.Luisa@yahoo.com', '105 Josiah Shoals Suite 601', '', 'Congo', 87249),
(94, 'Miller and Sons', '(789)500-9456x5431', 'Enid33@gmail.com', '7941 Maggio Creek', 'Lydiaborough', 'Qatar', 9557),
(95, 'Larkin LLC', '1-094-261-4969', 'Jairo.Mayert@Zboncak.com', '840 Elroy Prairie Apt. 395', 'Gloverborough', 'Guernsey', 97590),
(96, 'Sanford-Marks', '220.090.8889x17118', 'Rudolph65@gmail.com', '383 Bella Vista', 'Powlowskiborough', 'Pitcairn Islands', 67766),
(97, 'Witting, Nicolas and Casper', '00383510010', 'Stan05@gmail.com', '', 'Cathyton', '', 59035),
(98, 'Willms LLC', '451-221-5022', 'Valentine13@Cummings.com', '32107 Lakin Track', '', '', 27003),
(99, 'Kilback, Steuber and Shanahan', '+81(9)6058255466', 'Payton.Kiehn@Pouros.com', '995 Anastasia Divide', 'East Margarettestad', '', 92514),
(100, 'Towne, Morar and Miller', '1-936-536-7631x0986', 'pBernhard@Conroy.com', '35585 Will Mission Apt. 968', 'Ericashire', 'Marshall Islands', 32913),
(101, 'Hagenes-Conn', '1-688-251-1066', 'Hartmann.Makayla@yahoo.com', '015 Goldner Skyway', 'Nolanstad', 'Liechtenstein', 8432),
(102, 'Parisian-Deckow', '(055)190-9750', 'Antwon.Roob@Zboncak.info', '46370 Spencer Pines', 'Larsonland', 'Denmark', 29600),
(103, 'Collins-Little', '690.288.3070x901', 'Christa.Daniel@Beahan.biz', '294 Collins Islands Apt. 940', 'Wolfburgh', 'Falkland Islands (Malvinas)', 37846),
(104, 'Heidenreich-Pollich', '863-434-6402x7605', 'lAbshire@hotmail.com', '237 Winfield Inlet', 'West Herman', 'Kenya', 51858),
(105, 'Bayer, O\'Hara and Legros', '730-938-3912x6052', 'dBuckridge@Hessel.com', '1068 Larue Land Apt. 621', 'North Nico', 'Netherlands Antilles', 71757),
(106, 'Murazik, Anderson and Abshire', '(685)465-2161x95368', 'bLind@gmail.com', '670 Spencer Stream Suite 283', 'Lockmanmouth', 'Turks and Caicos Islands', 99290),
(107, 'Durgan, Zemlak and Hilll', '(321)976-2716x554', 'bCruickshank@Rosenbaum.com', '959 Lubowitz Meadow Apt. 503', 'Watsicashire', 'Cocos (Keeling) Islands', 52167),
(108, 'Altenwerth Ltd', '(254)016-0879x23067', 'Jesus88@Treutel.com', '5505 Edd Hollow Apt. 149', 'South Paris', 'Greece', 11472),
(109, 'Brown Ltd', '041.488.5051x97521', 'Mary.Bechtelar@yahoo.com', '2319 Cora Oval', 'East Florian', 'British Indian Ocean Territory (Chagos Archip', 93993),
(110, 'Larkin Inc', '1-796-211-7981', 'Eryn.Abshire@hotmail.com', '8439 West Park', '', 'Armenia', 4958),
(111, 'Borer-Gerlach', '(489)471-4345x376', 'Bert.Goyette@gmail.com', '33987 Wisoky Knoll Suite 688', 'North Chloe', 'Eritrea', 34656),
(112, 'Buckridge, Shanahan and Rath', '053.495.4820', 'Kulas.Abdullah@Marks.com', '', 'Marvinchester', 'Myanmar', 25049),
(113, 'Witting, Fritsch and Borer', '523.148.7112x9371', 'Runolfsdottir.Mckenzie@hotmail.com', '67623 Wintheiser Burg', 'Sheilamouth', 'Saint Pierre and Miquelon', 5365),
(114, 'Jones Group', '911.928.5844x235', 'Michele.Mann@gmail.com', '380 Thompson Common Suite 771', 'Borershire', 'Hong Kong', 29729),
(115, 'Gibson LLC', '+38(3)6713873921', 'Bartoletti.Retha@Spinka.com', '1052 Schuppe Loaf Apt. 175', 'Elijahport', 'Angola', 39180),
(116, 'Rowe, Rosenbaum and Kertzmann', '07229736278', 'wLabadie@gmail.com', '9044 Huels Viaduct', 'West Idaport', 'Austria', 4752),
(117, 'Gerhold PLC', '932.978.5442', 'Cordell17@hotmail.com', '03031 Cyril Lock', '', 'Estonia', 18096),
(118, 'Schmidt-Senger', '(327)015-6877x8844', 'Bo.Bogan@Bahringer.com', '98175 Braun Falls Suite 829', '', 'Mali', 57172),
(119, 'McCullough-Dietrich', '+36(8)6727389830', 'White.Roma@hotmail.com', '748 Darwin Hills Apt. 406', 'South Rosalind', 'Christmas Island', 21165),
(120, 'Koelpin Group', '(079)002-0844x924', 'Parker.Vernice@yahoo.com', '26752 Orland Groves Apt. 671', 'West Ransomborough', 'France', 98359),
(121, 'Gerlach and Sons', '1-024-349-2971x0253', 'Loraine.Gleichner@Fritsch.com', '69723 Ayana Way', 'Fionastad', 'Turkey', 88704),
(122, 'O\'Conner Inc', '+56(7)2163601158', 'bHerzog@hotmail.com', '322 Earlene Wells Suite 126', 'New Verdaville', 'Jordan', 90706),
(123, 'West LLC', '+32(9)8777265363', 'cRosenbaum@gmail.com', '99930 Gordon Crossroad', 'Douglasmouth', 'Uruguay', 62544),
(124, 'Fritsch-Mertz', '1-631-460-9047x952', 'Baumbach.Dorothy@hotmail.com', '1142 Bernhard Camp Apt. 438', '', 'Malaysia', 65345),
(125, 'Harvey, Reilly and Wilderman', '(371)899-0070x4681', 'Torphy.Kelly@gmail.com', '483 Ondricka Port', 'East Linahaven', '', 95013),
(126, 'Pacocha LLC', '566-400-8217x1199', 'Blaze.Rogahn@Dibbert.com', '871 Wisozk Burg', 'Port Laisha', 'Bouvet Island (Bouvetoya)', 25399),
(127, 'Hansen, Herman and Halvorson', '(268)552-9948x3651', 'Crist.Ramiro@gmail.com', '', 'Mckaylaville', 'Turkmenistan', 90780),
(128, 'Block, Herman and Harber', '802-909-4585x4659', 'Retta03@yahoo.com', '6623 Will Loaf Apt. 480', 'Sincerefurt', 'Christmas Island', 82765),
(129, 'Abernathy-Rippin', '(632)550-4550', 'Cecelia30@hotmail.com', '', 'Torreyburgh', '', 11081),
(130, 'Homenick-Hills', '485-663-2811x573', 'Braun.Jayson@hotmail.com', '', 'New Celineton', 'Norfolk Island', 4278),
(131, 'Hayes Group', '281-691-7614x603', 'Norberto27@Block.com', '4751 Koelpin Lock Suite 769', 'East Sidland', 'Korea', 78892),
(132, 'Yost-Schroeder', '+66(8)8682580517', 'yPurdy@Zulauf.biz', '93250 Kale Stream Apt. 264', 'South Lea', 'Qatar', 94271),
(133, 'Kshlerin LLC', '1-928-552-9471x8011', 'Wilkinson.Zane@Cormier.org', '4184 Javonte Rapids Suite 136', 'Mayaside', 'Latvia', 98769),
(134, 'Bauch, Hamill and Predovic', '(740)254-9616x36782', 'Malika.Mitchell@Bayer.com', '5017 Lukas Trace Suite 226', 'Williamsonville', 'Falkland Islands (Malvinas)', 3065),
(135, 'Leuschke-Haag', '504.792.2640x5467', 'Abbott.Albertha@yahoo.com', '752 Josiah Valleys Suite 115', 'Greenholtville', 'Zimbabwe', 10146),
(136, 'Ruecker LLC', '(977)617-7648', 'Crooks.Candida@yahoo.com', '18753 Elmer Station Suite 147', 'Bahringerberg', 'Kenya', 89061),
(137, 'Powlowski and Sons', '178-831-2991', 'Schulist.Anibal@Langosh.net', '92247 Gabriella Mountain', '', 'Ukraine', 96477),
(138, 'Prohaska Ltd', '(887)568-2529', 'OConnell.Murray@yahoo.com', '981 Toy Knoll Apt. 872', 'Brekkechester', 'Ecuador', 61948),
(139, 'Volkman, Renner and Mills', '360-633-9990x3804', 'xLueilwitz@Davis.com', '609 Hoeger Green Apt. 473', 'Sheilaburgh', 'Pitcairn Islands', 42506),
(140, 'Bednar-Stamm', '(906)939-3976x91276', 'Hauck.Alison@Batz.biz', '23343 Nettie Rest Apt. 110', 'Lake Chloe', 'Marshall Islands', 67387),
(141, 'Stiedemann Inc', '789.976.4975', 'Karlie.Kuhn@yahoo.com', '511 Cremin Neck', 'Port Clementine', 'Russian Federation', 14200),
(142, 'Lind PLC', '(780)858-5014x5094', 'Adriel.Glover@yahoo.com', '941 Patsy Keys Suite 319', 'New Abraham', 'United States Minor Outlying Islands', 29898),
(143, 'Halvorson-Greenfelder', '1-770-778-1537', 'dKunze@Balistreri.com', '', 'Jakaylachester', 'Swaziland', 25954),
(144, 'Jones, Bayer and Nader', '1-409-921-0775x50241', 'Bryce93@hotmail.com', '97853 Andy Heights Apt. 100', 'Labadieport', 'Lebanon', 17754),
(145, 'Connelly-Rohan', '590.855.1085x2025', 'gHudson@Jast.biz', '231 Alex Station Apt. 717', 'Catherineshire', 'Bahamas', 23535),
(146, 'Lind Group', '1-095-180-3089x42942', 'Ayana.Zemlak@Baumbach.net', '58161 Ike Greens Suite 507', 'Abagailstad', 'Isle of Man', 86283),
(147, 'Berge Inc', '02606720601', 'Bruen.Otilia@yahoo.com', '9527 Federico Radial Apt. 027', 'Fordbury', 'Ethiopia', 10328),
(148, 'Connelly PLC', '(927)661-5691', 'Trudie43@Sipes.com', '34739 Westley Inlet Suite 784', 'New Adityaburgh', 'Cape Verde', 29206),
(149, 'Olson, Wilkinson and Howe', '171-375-6633', 'Shad13@gmail.com', '810 Doyle Knoll', 'Lake Gia', 'Northern Mariana Islands', 30958),
(150, 'West-Abernathy', '08552045570', 'xDenesik@hotmail.com', '284 Heloise Isle Apt. 740', 'West Dahliashire', 'Saint Kitts and Nevis', 68103),
(151, 'Funk, Adams and Kerluke', '00213104759', 'Kira.Kirlin@Kutch.com', '76191 Jackie Motorway Suite 746', 'South Patience', 'Tajikistan', 19991),
(152, 'Kuhlman, Bogisich and Torp', '+21(5)8344484873', 'Darion98@Rempel.info', '8304 Irma Mill', '', 'Samoa', 10336),
(153, 'Bergstrom Inc', '+11(3)8951476508', 'Roob.Felipa@Kilback.com', '44106 Nella Bypass', '', 'Madagascar', 58046),
(154, 'Nikolaus-Deckow', '073.062.7184x8282', 'Bode.Jordi@hotmail.com', '205 Schneider Hollow', 'Helenport', 'Cameroon', 14159),
(155, 'McLaughlin, Moore and Gibson', '06436547998', 'uHoeger@Graham.org', '97066 Leone Summit', 'West Hailiechester', 'South Georgia and the South Sandwich Islands', 85987),
(156, 'Miller Group', '403-485-2876x142', 'mGleichner@Ankunding.com', '24784 Hoppe Street', 'North Marian', 'New Zealand', 58388),
(157, 'Wiegand, Considine and Tromp', '(506)831-3243', 'xPollich@Mraz.info', '51325 Tamara Street', 'North Jamilshire', 'Ghana', 58848),
(158, 'Feeney, Connelly and Osinski', '348-212-2370', 'wSteuber@gmail.com', '264 Darren Track Suite 568', 'Pollichburgh', 'Tokelau', 75759),
(159, 'Zulauf PLC', '(305)564-9023', 'Victoria73@Balistreri.com', '707 Jerrod Cliffs Suite 255', 'Brownland', 'Cyprus', 64222),
(160, 'Grimes-Hamill', '1-626-859-6823x446', 'dKuhic@hotmail.com', '3019 Ebert Viaduct', 'North Garryside', 'Aruba', 44863),
(161, 'Schultz Group', '(037)177-8247x964', 'Wilhelm90@Champlin.com', '', 'Carolynechester', 'Pakistan', 5567),
(162, 'Mayer Group', '422.582.6653x217', 'Abelardo.Gerlach@Mayert.com', '5720 Sabrina Key', 'New Rubye', 'Nigeria', 66961),
(163, 'Abbott PLC', '1-221-324-2528', 'oGlover@hotmail.com', '0733 Hoeger Forks', 'Kubbury', 'Mayotte', 24722),
(164, 'Gerlach-Gorczany', '806-495-6680x30474', 'Barney.Stoltenberg@Carter.info', '032 Kautzer Turnpike', 'Emmerichshire', 'Afghanistan', 66420),
(165, 'Berge-Gerlach', '+57(9)1673049502', 'wHartmann@gmail.com', '95134 Spencer Rest Suite 230', '', 'Cook Islands', 60747),
(166, 'Dickens Ltd', '(529)030-1931x219', 'Ruthie.Crona@OKeefe.info', '5767 Considine Overpass', 'Julestown', 'Maldives', 4264),
(167, 'Sawayn Group', '1-483-395-9398x26374', 'Dortha.Runolfsson@gmail.com', '00242 Gislason Shore Apt. 537', 'Nolashire', 'Equatorial Guinea', 17112),
(168, 'Hansen Ltd', '042.849.3451', 'Nienow.Porter@yahoo.com', '61679 Goldner Estates', 'Eliburgh', 'Libyan Arab Jamahiriya', 29483),
(169, 'Crist PLC', '1-837-649-6090x261', 'Keyshawn.Turcotte@Harvey.com', '9204 Brandi Circles Apt. 940', 'North Hettie', 'Pitcairn Islands', 60200),
(170, 'Ferry, Ward and McClure', '168-382-3320x89170', 'Daniella.Upton@Zulauf.biz', '22305 Eduardo Isle', 'Marquardtland', 'Mauritania', 15077),
(171, 'Schroeder-Wunsch', '1-379-335-5168', 'Schulist.Garrett@Jerde.biz', '3598 Genesis Camp', 'West Giovannimouth', 'Madagascar', 67319),
(172, 'Huels LLC', '+57(2)5689702505', 'Deja.Langosh@hotmail.com', '247 Jacques Throughway', 'East Reilly', 'Botswana', 36080),
(173, 'Murray, Considine and Lueilwitz', '521.868.7586x16816', 'Kailey.Dach@gmail.com', '25664 Herman Squares Suite 953', 'Lornaburgh', '', 75763),
(174, 'Klocko, Sipes and Altenwerth', '487-788-4567x6103', 'Abernathy.Providenci@gmail.com', '07864 Bauch Camp', 'Hermannton', 'Somalia', 76377),
(175, 'Mohr, Lowe and Rempel', '216.934.9542x4216', 'eFriesen@hotmail.com', '5776 Hilpert Grove Apt. 117', 'South Websterhaven', 'Macedonia', 27337),
(176, 'O\'Kon, Bernhard and Wiegand', '07142550358', 'Rhea.Fisher@Beatty.biz', '66404 Pagac Common', 'Rasheedborough', 'Hungary', 50607),
(177, 'Lesch, Zieme and Nitzsche', '899-463-7706x5626', 'Gust42@yahoo.com', '9894 Macie Orchard Apt. 327', 'Lesleyfurt', 'United States Virgin Islands', 18783),
(178, 'Purdy Ltd', '221.708.3432x9725', 'Johnston.Leonie@gmail.com', '285 Hammes Mill Apt. 538', 'Port Kaitlin', '', 70047),
(179, 'Keebler, Bosco and Rippin', '640.359.3197', 'Frami.Demond@gmail.com', '0827 Milton Lake', 'North Toyfurt', 'Hong Kong', 32435),
(180, 'Waelchi-Kohler', '(129)274-6379x88098', 'Reagan.Auer@Quigley.info', '083 Robyn Curve Suite 979', 'Douglasberg', 'Belize', 63194),
(181, 'Hilll, Langosh and Blanda', '(250)133-4599x49443', 'Champlin.Thea@Bruen.com', '9901 Jonatan Valley', 'Adelbertland', 'Mozambique', 85588),
(182, 'Zieme PLC', '1-973-328-5198x41008', 'Ardella.Bosco@Dibbert.net', '837 Melba Rest', 'Lake Clarabellestad', 'Nigeria', 81139),
(183, 'Hyatt-Bruen', '(995)386-3714', 'Kasandra74@Schulist.com', '77823 Maye Springs', 'North Graham', 'Saint Pierre and Miquelon', 22058),
(184, 'Green-Hills', '704-231-5914', 'Douglas.Jannie@Bosco.org', '88646 Darion Shore', 'Wildermanbury', 'Ireland', 43551),
(185, 'King-Considine', '629-681-8767', 'Sterling.Ledner@gmail.com', '', 'Port Katherynton', 'Bosnia and Herzegovina', 26326),
(186, 'Borer-Bashirian', '377.549.4491', 'xEffertz@gmail.com', '42705 Hessel Springs Suite 190', '', 'Burkina Faso', 99938),
(187, 'Bahringer PLC', '+83(0)1870192829', 'Raoul80@Effertz.com', '73330 Domenick Ville', 'East Garnett', '', 1110),
(188, 'Fisher PLC', '595-561-8231', 'yMills@Huels.com', '67108 Albert Viaduct Apt. 313', '', 'Antigua and Barbuda', 99723),
(189, 'Monahan, Koss and Collins', '1-237-291-2548', 'Colten56@yahoo.com', '32882 Ericka Plaza', 'Jacksonbury', 'Poland', 73868),
(190, 'O\'Kon-Bradtke', '1-888-912-2581x59130', 'rOndricka@Grimes.com', '71741 Skye Cove', 'Lorenzaville', 'Korea', 11479),
(191, 'Zieme PLC', '977.956.5891', 'Misty.Reichert@OReilly.net', '334 Garett Lodge', 'Walshmouth', 'Armenia', 8608),
(192, 'Stanton Group', '814-126-6514x659', 'Jedediah09@Rutherford.com', '37951 Jasmin Village', '', 'Togo', 76778),
(193, 'Pollich, Barton and Stiedemann', '(349)526-3716', 'Olen94@yahoo.com', '57219 Murray Loop Apt. 256', '', 'South Africa', 10182),
(194, 'Harris, Effertz and Beahan', '423.553.7303x30906', 'Stephania.Funk@gmail.com', '9502 Pierce Light Suite 722', '', 'Burundi', 18610),
(195, 'Macejkovic, Labadie and Rogahn', '733-432-2773x922', 'Elmore.Quitzon@Windler.com', '68435 Nyasia Isle Apt. 013', 'Manuelmouth', 'Iran', 12222),
(196, 'Collins, Eichmann and Barrows', '994-478-3758', 'Tony44@Weissnat.org', '622 Gorczany Island', 'Eribertobury', 'United Kingdom', 88519),
(197, 'Wisozk, Kohler and Mante', '674-152-4974', 'Hettie.Stracke@yahoo.com', '05905 Katelyn Village Apt. 906', 'Breanneberg', 'Saint Helena', 1463),
(198, 'Dickens, Watsica and Harber', '+42(7)9545704348', 'Hunter63@gmail.com', '682 Corwin View Suite 781', 'Port Ashley', 'Puerto Rico', 73059),
(199, 'Leannon PLC', '00146693497', 'Larson.Mose@yahoo.com', '554 Hammes Brooks', 'Nikolausland', 'Heard Island and McDonald Islands', 25172),
(200, 'McLaughlin-Purdy', '(281)827-7315', 'pRoberts@Sawayn.com', '868 Strosin Parkway', '', 'Thailand', 96782),
(201, 'Koch Inc', '+66(6)5597456424', 'lFlatley@Schmitt.com', '', 'West Zechariah', 'Cyprus', 6370),
(202, 'Koss and Sons', '725-414-0355x321', 'xDach@yahoo.com', '371 Josue Flat Apt. 132', '', 'Albania', 20502),
(203, 'Haley-Shanahan', '508-411-5608x426', 'Reed.Jones@Kerluke.com', '1517 Alexandria Circles Apt. 236', 'North Isabel', 'Ghana', 41001),
(204, 'Hagenes-Denesik', '497.499.0078', 'April19@gmail.com', '95955 Zula Brooks Apt. 378', 'Emilymouth', '', 36438),
(205, 'Schmitt-DuBuque', '058-633-7207x4594', 'Irma.Baumbach@Kessler.com', '1561 Genoveva Mews Apt. 330', 'Petemouth', '', 65792);

-- --------------------------------------------------------

--
-- Table structure for table `transaction`
--

CREATE TABLE `transaction` (
  `id` int(11) NOT NULL,
  `employee_id` int(11) DEFAULT NULL,
  `office_id` int(11) DEFAULT NULL,
  `datelog` datetime DEFAULT current_timestamp(),
  `action` enum('IN','OUT','COMPLETE') DEFAULT NULL,
  `remarks` varchar(100) DEFAULT NULL,
  `documentcode` varchar(45) NOT NULL
) ENGINE=InnoDB DEFAULT CHARSET=utf8mb4 COLLATE=utf8mb4_general_ci;

--
-- Dumping data for table `transaction`
--

INSERT INTO `transaction` (`id`, `employee_id`, `office_id`, `datelog`, `action`, `remarks`, `documentcode`) VALUES
(1, 3, 1, '2022-03-19 09:55:16', 'IN', NULL, '100'),
(2, 3, 2, '2022-03-19 09:55:37', 'OUT', NULL, '100'),
(3, 3, 1, '2022-03-19 09:55:53', 'COMPLETE', NULL, '100'),
(4, 3, 1, '2022-03-19 09:55:30', 'OUT', 'Signed', '100'),
(5, 3, 2, '2022-03-19 09:55:32', 'IN', 'For approval', '100'),
(6, 2, 3, '2022-03-19 09:55:17', 'IN', NULL, '101'),
(7, 2, 3, '2022-03-19 09:59:16', 'OUT', NULL, '101'),
(8, 2, 1, '2023-03-13 14:56:36', 'IN', '', '106'),
(9, 2, 6, '2023-03-13 14:56:36', 'OUT', '', '104'),
(10, 7, 9, '2023-03-13 14:56:36', 'IN', '', '107'),
(11, 8, 9, '2023-03-13 14:56:36', 'COMPLETE', '', '101'),
(12, 10, 7, '2023-03-13 14:56:36', 'IN', '', '104'),
(13, 4, 9, '2023-03-13 14:56:36', 'OUT', '', '101'),
(14, 8, 1, '2023-03-13 14:56:36', 'IN', '', '107'),
(15, 8, 2, '2023-03-13 14:56:36', 'COMPLETE', '', '108'),
(16, 10, 9, '2023-03-13 14:56:36', 'COMPLETE', '', '102'),
(17, 2, 9, '2023-03-13 14:56:36', 'COMPLETE', '', '105'),
(18, 8, 1, '2023-03-13 14:56:36', 'COMPLETE', '', '102'),
(19, 8, 6, '2023-03-13 14:56:36', 'OUT', '', '105'),
(20, 10, 6, '2023-03-13 14:56:36', 'IN', '', '102'),
(21, 10, 8, '2023-03-13 14:56:36', 'OUT', '', '105'),
(22, 5, 1, '2023-03-13 14:56:36', 'IN', '', '103'),
(23, 9, 6, '2023-03-13 14:56:36', 'COMPLETE', '', '101'),
(24, 8, 6, '2023-03-13 14:56:36', 'OUT', '', '106'),
(25, 2, 2, '2023-03-13 14:56:36', 'OUT', '', '106'),
(26, 3, 1, '2023-03-13 14:56:36', 'OUT', '', '109'),
(27, 9, 1, '2023-03-13 14:56:36', 'OUT', '', '102'),
(28, 10, 6, '2023-03-13 14:56:36', 'OUT', '', '106'),
(29, 2, 4, '2023-03-13 14:56:36', 'OUT', '', '108'),
(30, 3, 1, '2023-03-13 14:56:36', 'OUT', '', '107'),
(31, 10, 7, '2023-03-13 14:56:36', 'OUT', '', '106'),
(32, 9, 6, '2023-03-13 14:56:36', 'COMPLETE', '', '102'),
(33, 10, 3, '2023-03-13 14:56:36', 'IN', '', '109'),
(34, 4, 9, '2023-03-13 14:56:36', 'OUT', '', '104'),
(35, 1, 10, '2023-03-13 14:56:36', 'OUT', '', '104'),
(36, 8, 6, '2023-03-13 14:56:36', 'COMPLETE', '', '106'),
(37, 8, 3, '2023-03-13 14:56:36', 'COMPLETE', '', '102'),
(38, 1, 9, '2023-03-13 14:56:36', 'IN', '', '108'),
(39, 10, 1, '2023-03-13 14:56:36', 'OUT', '', '109'),
(40, 7, 7, '2023-03-13 14:56:36', 'OUT', '', '103'),
(41, 4, 2, '2023-03-13 14:56:36', 'COMPLETE', '', '106'),
(42, 10, 1, '2023-03-13 14:56:36', 'OUT', '', '103'),
(43, 6, 4, '2023-03-13 14:56:36', 'IN', '', '103'),
(44, 5, 4, '2023-03-13 14:56:36', 'COMPLETE', '', '107'),
(45, 5, 3, '2023-03-13 14:56:36', 'OUT', '', '110'),
(46, 10, 1, '2023-03-13 14:56:36', 'COMPLETE', '', '110'),
(47, 3, 3, '2023-03-13 14:56:36', 'COMPLETE', '', '107'),
(48, 8, 4, '2023-03-13 14:56:36', 'IN', '', '108'),
(49, 2, 4, '2023-03-13 14:56:36', 'IN', '', '107'),
(50, 10, 4, '2023-03-13 14:56:36', 'IN', '', '104'),
(51, 1, 10, '2023-03-13 14:56:36', 'OUT', '', '109'),
(52, 4, 1, '2023-03-13 14:56:36', 'IN', '', '107'),
(53, 6, 5, '2023-03-13 14:56:36', 'OUT', '', '107'),
(54, 6, 9, '2023-03-13 14:56:36', 'COMPLETE', '', '108'),
(55, 6, 7, '2023-03-13 14:56:36', 'IN', '', '110'),
(56, 5, 9, '2023-03-13 14:56:36', 'OUT', '', '108'),
(57, 3, 9, '2023-03-13 14:56:36', 'COMPLETE', '', '108'),
(58, 7, 9, '2023-03-13 14:56:36', 'COMPLETE', '', '103'),
(59, 6, 2, '2023-03-13 14:56:36', 'IN', '', '101'),
(60, 4, 2, '2023-03-13 14:56:36', 'OUT', '', '103'),
(61, 8, 6, '2023-03-13 14:56:36', 'COMPLETE', '', '106'),
(62, 9, 8, '2023-03-13 14:56:36', 'OUT', '', '106'),
(63, 3, 9, '2023-03-13 14:56:36', 'COMPLETE', '', '105'),
(64, 6, 4, '2023-03-13 14:56:36', 'IN', '', '110'),
(65, 3, 9, '2023-03-13 14:56:36', 'COMPLETE', '', '100'),
(66, 3, 1, '2023-03-13 14:56:36', 'IN', '', '106'),
(67, 9, 1, '2023-03-13 14:56:36', 'IN', '', '104'),
(68, 9, 2, '2023-03-13 14:56:36', 'COMPLETE', '', '107'),
(69, 7, 10, '2023-03-13 14:56:36', 'IN', '', '105'),
(70, 5, 6, '2023-03-13 14:56:36', 'OUT', '', '101'),
(71, 5, 10, '2023-03-13 14:56:36', 'IN', '', '106'),
(72, 9, 3, '2023-03-13 14:56:36', 'COMPLETE', '', '105'),
(73, 8, 1, '2023-03-13 14:56:36', 'IN', '', '110'),
(74, 2, 9, '2023-03-13 14:56:36', 'IN', '', '101'),
(75, 2, 9, '2023-03-13 14:56:36', 'OUT', '', '110'),
(76, 7, 6, '2023-03-13 14:56:36', 'IN', '', '106'),
(77, 1, 4, '2023-03-13 14:56:36', 'OUT', '', '102'),
(78, 2, 6, '2023-03-13 14:56:36', 'IN', '', '100'),
(79, 2, 1, '2023-03-13 14:56:36', 'COMPLETE', '', '100'),
(80, 9, 10, '2023-03-13 14:56:36', 'IN', '', '106'),
(81, 5, 1, '2023-03-13 14:56:36', 'OUT', '', '104'),
(82, 5, 9, '2023-03-13 14:56:36', 'COMPLETE', '', '105'),
(83, 4, 3, '2023-03-13 14:56:36', 'OUT', '', '106'),
(84, 9, 4, '2023-03-13 14:56:36', 'IN', '', '100'),
(85, 5, 10, '2023-03-13 14:56:36', 'OUT', '', '107'),
(86, 7, 3, '2023-03-13 14:56:36', 'OUT', '', '101'),
(87, 2, 7, '2023-03-13 14:56:36', 'COMPLETE', '', '103'),
(88, 10, 9, '2023-03-13 14:56:36', 'OUT', '', '110'),
(89, 4, 6, '2023-03-13 14:56:36', 'COMPLETE', '', '103'),
(90, 2, 10, '2023-03-13 14:56:36', 'COMPLETE', '', '102'),
(91, 5, 4, '2023-03-13 14:56:36', 'IN', '', '102'),
(92, 1, 6, '2023-03-13 14:56:36', 'OUT', '', '110'),
(93, 5, 10, '2023-03-13 14:56:36', 'IN', '', '107'),
(94, 8, 7, '2023-03-13 14:56:36', 'COMPLETE', '', '100'),
(95, 8, 6, '2023-03-13 14:56:36', 'IN', '', '103'),
(96, 9, 2, '2023-03-13 14:56:36', 'OUT', '', '106'),
(97, 8, 7, '2023-03-13 14:56:36', 'IN', '', '107'),
(98, 5, 9, '2023-03-13 14:56:36', 'COMPLETE', '', '104'),
(99, 8, 5, '2023-03-13 14:56:36', 'OUT', '', '107'),
(100, 8, 10, '2023-03-13 14:56:36', 'COMPLETE', '', '103'),
(101, 4, 9, '2023-03-13 14:56:36', 'COMPLETE', '', '103'),
(102, 9, 1, '2023-03-13 14:56:36', 'IN', '', '101'),
(103, 6, 1, '2023-03-13 14:56:36', 'IN', '', '104'),
(104, 7, 6, '2023-03-13 14:56:36', 'IN', '', '104'),
(105, 1, 8, '2023-03-13 14:56:36', 'COMPLETE', '', '101'),
(106, 8, 5, '2023-03-13 14:56:36', 'COMPLETE', '', '105'),
(107, 10, 8, '2023-03-13 14:56:36', 'OUT', '', '109'),
(108, 4, 7, '2023-03-13 14:56:36', 'COMPLETE', '', '110'),
(109, 4, 9, '2023-03-13 14:56:36', 'OUT', '', '102'),
(110, 3, 7, '2023-03-13 14:56:36', 'COMPLETE', '', '100'),
(111, 5, 1, '2023-03-13 14:56:36', 'COMPLETE', '', '109'),
(112, 4, 6, '2023-03-13 14:56:36', 'OUT', '', '107'),
(113, 10, 6, '2023-03-13 14:56:36', 'COMPLETE', '', '103'),
(114, 2, 1, '2023-03-13 14:56:36', 'IN', '', '110'),
(115, 3, 7, '2023-03-13 14:56:36', 'OUT', '', '109'),
(116, 10, 1, '2023-03-13 14:56:36', 'IN', '', '105'),
(117, 2, 6, '2023-03-13 14:56:36', 'COMPLETE', '', '109'),
(118, 10, 10, '2023-03-13 14:56:36', 'IN', '', '102'),
(119, 4, 5, '2023-03-13 14:56:36', 'IN', '', '106'),
(120, 5, 9, '2023-03-13 14:56:36', 'COMPLETE', '', '104'),
(121, 5, 9, '2023-03-13 14:56:36', 'COMPLETE', '', '107'),
(122, 8, 9, '2023-03-13 14:56:36', 'COMPLETE', '', '104'),
(123, 1, 3, '2023-03-13 14:56:36', 'COMPLETE', '', '104'),
(124, 1, 3, '2023-03-13 14:56:36', 'COMPLETE', '', '104'),
(125, 1, 5, '2023-03-13 14:56:36', 'OUT', '', '104'),
(126, 10, 2, '2023-03-13 14:56:36', 'OUT', '', '110'),
(127, 7, 6, '2023-03-13 14:56:36', 'IN', '', '106'),
(128, 4, 3, '2023-03-13 14:56:36', 'COMPLETE', '', '109'),
(129, 7, 5, '2023-03-13 14:56:36', 'COMPLETE', '', '108'),
(130, 3, 4, '2023-03-13 14:56:36', 'OUT', '', '106'),
(131, 1, 2, '2023-03-13 14:56:36', 'IN', '', '110'),
(132, 3, 3, '2023-03-13 14:56:36', 'IN', '', '104'),
(133, 9, 4, '2023-03-13 14:56:36', 'IN', '', '110'),
(134, 5, 6, '2023-03-13 14:56:36', 'IN', '', '101'),
(135, 4, 10, '2023-03-13 14:56:36', 'IN', '', '110'),
(136, 7, 6, '2023-03-13 14:56:36', 'COMPLETE', '', '110'),
(137, 9, 5, '2023-03-13 14:56:36', 'COMPLETE', '', '102'),
(138, 7, 9, '2023-03-13 14:56:36', 'COMPLETE', '', '110'),
(139, 5, 1, '2023-03-13 14:56:36', 'COMPLETE', '', '110'),
(140, 4, 3, '2023-03-13 14:56:36', 'OUT', '', '107'),
(141, 2, 7, '2023-03-13 14:56:36', 'COMPLETE', '', '103'),
(142, 8, 8, '2023-03-13 14:56:36', 'IN', '', '110'),
(143, 7, 9, '2023-03-13 14:56:36', 'OUT', '', '106'),
(144, 2, 3, '2023-03-13 14:56:36', 'COMPLETE', '', '100'),
(145, 10, 9, '2023-03-13 14:56:36', 'IN', '', '108'),
(146, 5, 6, '2023-03-13 14:56:36', 'OUT', '', '105'),
(147, 5, 4, '2023-03-13 14:56:36', 'OUT', '', '102'),
(148, 6, 7, '2023-03-13 14:56:36', 'IN', '', '104'),
(149, 10, 4, '2023-03-13 14:56:36', 'IN', '', '108'),
(150, 10, 8, '2023-03-13 14:56:36', 'OUT', '', '103'),
(151, 10, 2, '2023-03-13 14:56:36', 'COMPLETE', '', '104'),
(152, 10, 2, '2023-03-13 14:56:36', 'COMPLETE', '', '108'),
(153, 5, 1, '2023-03-13 14:56:36', 'IN', '', '101'),
(154, 4, 7, '2023-03-13 14:56:36', 'COMPLETE', '', '110'),
(155, 3, 8, '2023-03-13 14:56:36', 'COMPLETE', '', '103'),
(156, 8, 10, '2023-03-13 14:56:36', 'OUT', '', '101'),
(157, 2, 1, '2023-03-13 14:56:36', 'IN', '', '102'),
(158, 7, 1, '2023-03-13 14:56:36', 'IN', '', '109'),
(159, 9, 10, '2023-03-13 14:56:36', 'COMPLETE', '', '106'),
(160, 8, 9, '2023-03-13 14:56:36', 'COMPLETE', '', '103'),
(161, 1, 1, '2023-03-13 14:56:36', 'IN', '', '107'),
(162, 7, 1, '2023-03-13 14:56:36', 'OUT', '', '102'),
(163, 5, 9, '2023-03-13 14:56:36', 'COMPLETE', '', '102'),
(164, 5, 6, '2023-03-13 14:56:36', 'COMPLETE', '', '109'),
(165, 1, 3, '2023-03-13 14:56:36', 'OUT', '', '110'),
(166, 9, 8, '2023-03-13 14:56:36', 'IN', '', '110'),
(167, 8, 1, '2023-03-13 14:56:36', 'OUT', '', '108'),
(168, 7, 4, '2023-03-13 14:56:36', 'IN', '', '101'),
(169, 9, 7, '2023-03-13 14:56:36', 'OUT', '', '104'),
(170, 5, 8, '2023-03-13 14:56:36', 'OUT', '', '103'),
(171, 3, 2, '2023-03-13 14:56:36', 'IN', '', '102'),
(172, 2, 9, '2023-03-13 14:56:36', 'OUT', '', '100'),
(173, 8, 4, '2023-03-13 14:56:36', 'OUT', '', '109'),
(174, 10, 2, '2023-03-13 14:56:36', 'COMPLETE', '', '107'),
(175, 6, 2, '2023-03-13 14:56:36', 'COMPLETE', '', '109'),
(176, 7, 4, '2023-03-13 14:56:36', 'COMPLETE', '', '108'),
(177, 8, 6, '2023-03-13 14:56:36', 'IN', '', '107'),
(178, 3, 4, '2023-03-13 14:56:36', 'OUT', '', '106'),
(179, 5, 6, '2023-03-13 14:56:36', 'OUT', '', '101'),
(180, 5, 4, '2023-03-13 14:56:36', 'COMPLETE', '', '106'),
(181, 9, 10, '2023-03-13 14:56:36', 'OUT', '', '105'),
(182, 10, 10, '2023-03-13 14:56:36', 'OUT', '', '105'),
(183, 4, 4, '2023-03-13 14:56:36', 'COMPLETE', '', '107'),
(184, 7, 9, '2023-03-13 14:56:36', 'OUT', '', '110'),
(185, 8, 8, '2023-03-13 14:56:36', 'COMPLETE', '', '101'),
(186, 1, 5, '2023-03-13 14:56:36', 'OUT', '', '103'),
(187, 6, 9, '2023-03-13 14:56:36', 'IN', '', '101'),
(188, 8, 3, '2023-03-13 14:56:36', 'COMPLETE', '', '110'),
(189, 2, 8, '2023-03-13 14:56:36', 'OUT', '', '108'),
(190, 6, 7, '2023-03-13 14:56:36', 'OUT', '', '106'),
(191, 9, 5, '2023-03-13 14:56:36', 'IN', '', '100'),
(192, 1, 8, '2023-03-13 14:56:36', 'OUT', '', '101'),
(193, 2, 7, '2023-03-13 14:56:36', 'COMPLETE', '', '110'),
(194, 8, 10, '2023-03-13 14:56:36', 'OUT', '', '101'),
(195, 9, 4, '2023-03-13 14:56:36', 'OUT', '', '103'),
(196, 7, 8, '2023-03-13 14:56:36', 'OUT', '', '103'),
(197, 6, 4, '2023-03-13 14:56:36', 'OUT', '', '103'),
(198, 4, 9, '2023-03-13 14:56:36', 'IN', '', '103'),
(199, 6, 5, '2023-03-13 14:56:36', 'IN', '', '101'),
(200, 5, 5, '2023-03-13 14:56:36', 'COMPLETE', '', '106'),
(201, 2, 3, '2023-03-13 14:56:36', 'IN', '', '107'),
(202, 10, 9, '2023-03-13 14:56:36', 'OUT', '', '100'),
(203, 6, 1, '2023-03-13 14:56:36', 'OUT', '', '110'),
(204, 9, 4, '2023-03-13 14:56:36', 'IN', '', '110'),
(205, 8, 2, '2023-03-13 14:56:36', 'OUT', '', '103'),
(206, 2, 6, '2023-03-13 14:56:36', 'COMPLETE', '', '100'),
(207, 5, 6, '2023-03-13 14:56:36', 'OUT', '', '103'),
(208, 9, 4, '2023-03-13 14:56:42', 'COMPLETE', 'For approval', '107'),
(209, 10, 4, '2023-03-13 14:56:42', 'IN', 'r', '109'),
(210, 10, 5, '2023-03-13 14:56:42', 'IN', '', '103'),
(211, 6, 5, '2023-03-13 14:56:42', 'OUT', '', '109'),
(212, 4, 2, '2023-03-13 14:56:42', 'IN', '', '106'),
(213, 2, 9, '2023-03-13 14:56:42', 'COMPLETE', '', '104'),
(214, 9, 3, '2023-03-13 14:56:42', 'OUT', '', '102'),
(215, 8, 4, '2023-03-13 14:56:42', 'COMPLETE', '', '101'),
(216, 6, 7, '2023-03-13 14:56:42', 'OUT', '', '108'),
(217, 1, 10, '2023-03-13 14:56:42', 'OUT', '', '104'),
(218, 7, 7, '2023-03-13 14:56:42', 'OUT', '', '107'),
(219, 6, 8, '2023-03-13 14:56:42', 'COMPLETE', '', '110'),
(220, 1, 3, '2023-03-13 14:56:42', 'OUT', '', '102'),
(221, 10, 7, '2023-03-13 14:56:42', 'IN', '', '100'),
(222, 1, 7, '2023-03-13 14:56:42', 'COMPLETE', '', '102'),
(223, 4, 8, '2023-03-13 14:56:42', 'IN', '', '100'),
(224, 1, 7, '2023-03-13 14:56:42', 'OUT', '', '105'),
(225, 2, 9, '2023-03-13 14:56:42', 'COMPLETE', '', '102'),
(226, 6, 9, '2023-03-13 14:56:42', 'IN', '', '110'),
(227, 7, 6, '2023-03-13 14:56:42', 'COMPLETE', '', '107'),
(228, 4, 8, '2023-03-13 14:56:42', 'COMPLETE', '', '108'),
(229, 7, 9, '2023-03-13 14:56:42', 'COMPLETE', '', '104'),
(230, 3, 2, '2023-03-13 14:56:42', 'OUT', '', '106'),
(231, 9, 9, '2023-03-13 14:56:42', 'COMPLETE', '', '103'),
(232, 8, 3, '2023-03-13 14:56:42', 'IN', '', '105'),
(233, 8, 4, '2023-03-13 14:56:42', 'IN', '', '104'),
(234, 10, 2, '2023-03-13 14:56:42', 'OUT', '', '102'),
(235, 9, 10, '2023-03-13 14:56:42', 'COMPLETE', '', '103'),
(236, 5, 8, '2023-03-13 14:56:42', 'OUT', '', '107'),
(237, 8, 10, '2023-03-13 14:56:42', 'OUT', '', '101'),
(238, 3, 7, '2023-03-13 14:56:42', 'OUT', '', '100'),
(239, 9, 7, '2023-03-13 14:56:42', 'IN', '', '100'),
(240, 5, 8, '2023-03-13 14:56:42', 'IN', '', '103'),
(241, 9, 7, '2023-03-13 14:56:42', 'COMPLETE', '', '105'),
(242, 9, 8, '2023-03-13 14:56:42', 'COMPLETE', '', '109'),
(243, 1, 10, '2023-03-13 14:56:42', 'IN', '', '105'),
(244, 4, 2, '2023-03-13 14:56:42', 'COMPLETE', '', '105'),
(245, 10, 2, '2023-03-13 14:56:42', 'COMPLETE', '', '100'),
(246, 8, 8, '2023-03-13 14:56:42', 'IN', '', '100'),
(247, 1, 3, '2023-03-13 14:56:42', 'OUT', '', '106'),
(248, 7, 10, '2023-03-13 14:56:42', 'OUT', '', '105'),
(249, 2, 7, '2023-03-13 14:56:42', 'IN', '', '102'),
(250, 10, 1, '2023-03-13 14:56:42', 'COMPLETE', '', '103'),
(251, 8, 10, '2023-03-13 14:56:42', 'IN', '', '106'),
(252, 7, 7, '2023-03-13 14:56:42', 'IN', '', '107'),
(253, 5, 10, '2023-03-13 14:56:42', 'OUT', '', '108'),
(254, 8, 6, '2023-03-13 14:56:42', 'OUT', '', '104'),
(255, 6, 5, '2023-03-13 14:56:42', 'COMPLETE', '', '108'),
(256, 10, 3, '2023-03-13 14:56:42', 'OUT', '', '101'),
(257, 3, 5, '2023-03-13 14:56:42', 'COMPLETE', '', '106'),
(258, 1, 10, '2023-03-13 14:56:42', 'OUT', '', '109'),
(259, 8, 9, '2023-03-13 14:56:42', 'OUT', '', '109'),
(260, 1, 4, '2023-03-13 14:56:42', 'IN', '', '101'),
(261, 9, 6, '2023-03-13 14:56:42', 'IN', '', '104'),
(262, 5, 4, '2023-03-13 14:56:42', 'OUT', '', '109'),
(263, 1, 4, '2023-03-13 14:56:42', 'OUT', '', '109'),
(264, 1, 4, '2023-03-13 14:56:42', 'COMPLETE', '', '109'),
(265, 5, 1, '2023-03-13 14:56:42', 'COMPLETE', '', '110'),
(266, 7, 1, '2023-03-13 14:56:42', 'OUT', '', '104'),
(267, 5, 9, '2023-03-13 14:56:42', 'IN', '', '106'),
(268, 1, 7, '2023-03-13 14:56:42', 'COMPLETE', '', '104'),
(269, 2, 1, '2023-03-13 14:56:42', 'OUT', '', '100'),
(270, 7, 4, '2023-03-13 14:56:42', 'IN', '', '102'),
(271, 9, 8, '2023-03-13 14:56:42', 'COMPLETE', '', '110'),
(272, 9, 8, '2023-03-13 14:56:42', 'COMPLETE', '', '110'),
(273, 7, 10, '2023-03-13 14:56:42', 'IN', '', '104'),
(274, 7, 6, '2023-03-13 14:56:42', 'OUT', '', '110'),
(275, 2, 4, '2023-03-13 14:56:42', 'COMPLETE', '', '107'),
(276, 1, 1, '2023-03-13 14:56:42', 'COMPLETE', '', '108'),
(277, 2, 3, '2023-03-13 14:56:42', 'OUT', '', '106'),
(278, 7, 5, '2023-03-13 14:56:42', 'IN', '', '103'),
(279, 9, 10, '2023-03-13 14:56:42', 'IN', '', '109'),
(280, 5, 2, '2023-03-13 14:56:42', 'COMPLETE', '', '105'),
(281, 8, 9, '2023-03-13 14:56:42', 'COMPLETE', '', '108'),
(282, 1, 8, '2023-03-13 14:56:42', 'COMPLETE', '', '110'),
(283, 4, 9, '2023-03-13 14:56:42', 'OUT', '', '108'),
(284, 5, 7, '2023-03-13 14:56:42', 'COMPLETE', '', '107'),
(285, 6, 9, '2023-03-13 14:56:42', 'COMPLETE', '', '108'),
(286, 8, 3, '2023-03-13 14:56:42', 'IN', '', '110'),
(287, 8, 4, '2023-03-13 14:56:42', 'OUT', '', '107'),
(288, 4, 5, '2023-03-13 14:56:42', 'IN', '', '106'),
(289, 10, 8, '2023-03-13 14:56:42', 'IN', '', '107'),
(290, 10, 4, '2023-03-13 14:56:42', 'IN', '', '109'),
(291, 10, 3, '2023-03-13 14:56:42', 'IN', '', '110'),
(292, 10, 10, '2023-03-13 14:56:42', 'OUT', '', '101'),
(293, 5, 8, '2023-03-13 14:56:42', 'COMPLETE', '', '100'),
(294, 9, 8, '2023-03-13 14:56:42', 'COMPLETE', '', '110'),
(295, 1, 3, '2023-03-13 14:56:42', 'COMPLETE', '', '107'),
(296, 6, 8, '2023-03-13 14:56:42', 'COMPLETE', '', '102'),
(297, 2, 2, '2023-03-13 14:56:42', 'IN', '', '109'),
(298, 8, 9, '2023-03-13 14:56:42', 'IN', '', '105'),
(299, 1, 10, '2023-03-13 14:56:42', 'IN', '', '110'),
(300, 3, 2, '2023-03-13 14:56:42', 'COMPLETE', '', '109'),
(301, 1, 9, '2023-03-13 14:56:42', 'COMPLETE', '', '100'),
(302, 7, 1, '2023-03-13 14:56:42', 'OUT', '', '109'),
(303, 10, 7, '2023-03-13 14:56:42', 'COMPLETE', '', '109'),
(304, 5, 9, '2023-03-13 14:56:42', 'COMPLETE', '', '101'),
(305, 4, 4, '2023-03-13 14:56:42', 'IN', '', '108'),
(306, 3, 7, '2023-03-13 14:56:42', 'OUT', '', '109'),
(307, 6, 1, '2023-03-13 14:56:42', 'IN', '', '110'),
(308, 9, 5, '2023-03-13 14:56:42', 'IN', '', '104'),
(309, 8, 8, '2023-03-13 14:56:42', 'OUT', '', '104'),
(310, 5, 8, '2023-03-13 14:56:42', 'COMPLETE', '', '110'),
(311, 5, 10, '2023-03-13 14:56:42', 'IN', '', '110'),
(312, 2, 4, '2023-03-13 14:56:42', 'IN', '', '108'),
(313, 3, 10, '2023-03-13 14:56:42', 'OUT', '', '107'),
(314, 3, 10, '2023-03-13 14:56:42', 'COMPLETE', '', '105'),
(315, 6, 2, '2023-03-13 14:56:42', 'OUT', '', '109'),
(316, 4, 6, '2023-03-13 14:56:42', 'OUT', '', '104'),
(317, 9, 3, '2023-03-13 14:56:42', 'IN', '', '108'),
(318, 1, 7, '2023-03-13 14:56:42', 'OUT', '', '101'),
(319, 10, 10, '2023-03-13 14:56:42', 'COMPLETE', '', '107'),
(320, 8, 2, '2023-03-13 14:56:42', 'IN', '', '104'),
(321, 2, 4, '2023-03-13 14:56:42', 'OUT', '', '110'),
(322, 4, 9, '2023-03-13 14:56:42', 'OUT', '', '100'),
(323, 2, 3, '2023-03-13 14:56:42', 'OUT', '', '101'),
(324, 6, 10, '2023-03-13 14:56:42', 'OUT', '', '104'),
(325, 9, 3, '2023-03-13 14:56:42', 'COMPLETE', '', '110'),
(326, 4, 6, '2023-03-13 14:56:42', 'COMPLETE', '', '102'),
(327, 3, 3, '2023-03-13 14:56:42', 'COMPLETE', '', '106'),
(328, 10, 1, '2023-03-13 14:56:42', 'COMPLETE', '', '103'),
(329, 1, 10, '2023-03-13 14:56:42', 'COMPLETE', '', '102'),
(330, 6, 5, '2023-03-13 14:56:42', 'IN', '', '108'),
(331, 7, 9, '2023-03-13 14:56:42', 'IN', '', '107'),
(332, 4, 7, '2023-03-13 14:56:42', 'IN', '', '102'),
(333, 9, 6, '2023-03-13 14:56:42', 'IN', '', '104'),
(334, 4, 3, '2023-03-13 14:56:42', 'OUT', '', '110'),
(335, 8, 1, '2023-03-13 14:56:42', 'COMPLETE', '', '106'),
(336, 9, 6, '2023-03-13 14:56:42', 'OUT', '', '108'),
(337, 2, 10, '2023-03-13 14:56:42', 'COMPLETE', '', '110'),
(338, 10, 1, '2023-03-13 14:56:42', 'OUT', '', '102'),
(339, 7, 8, '2023-03-13 14:56:42', 'COMPLETE', '', '104'),
(340, 8, 1, '2023-03-13 14:56:42', 'OUT', '', '107'),
(341, 2, 1, '2023-03-13 14:56:42', 'COMPLETE', '', '105'),
(342, 4, 2, '2023-03-13 14:56:42', 'IN', '', '100'),
(343, 6, 6, '2023-03-13 14:56:42', 'IN', '', '102'),
(344, 5, 7, '2023-03-13 14:56:42', 'OUT', '', '103'),
(345, 2, 8, '2023-03-13 14:56:42', 'COMPLETE', '', '107'),
(346, 2, 7, '2023-03-13 14:56:42', 'IN', '', '104'),
(347, 8, 3, '2023-03-13 14:56:42', 'IN', '', '105'),
(348, 8, 7, '2023-03-13 14:56:42', 'OUT', '', '102'),
(349, 6, 1, '2023-03-13 14:56:42', 'OUT', '', '104'),
(350, 1, 9, '2023-03-13 14:56:42', 'IN', '', '107'),
(351, 3, 6, '2023-03-13 14:56:42', 'OUT', '', '107'),
(352, 7, 3, '2023-03-13 14:56:42', 'COMPLETE', '', '106'),
(353, 6, 4, '2023-03-13 14:56:42', 'OUT', '', '108'),
(354, 7, 3, '2023-03-13 14:56:42', 'IN', '', '105'),
(355, 2, 5, '2023-03-13 14:56:42', 'COMPLETE', '', '101'),
(356, 5, 6, '2023-03-13 14:56:42', 'COMPLETE', '', '103'),
(357, 9, 4, '2023-03-13 14:56:42', 'COMPLETE', '', '108'),
(358, 9, 3, '2023-03-13 14:56:42', 'OUT', '', '109'),
(359, 5, 7, '2023-03-13 14:56:42', 'COMPLETE', '', '109'),
(360, 1, 4, '2023-03-13 14:56:42', 'OUT', '', '104'),
(361, 5, 5, '2023-03-13 14:56:42', 'OUT', '', '101'),
(362, 7, 9, '2023-03-13 14:56:42', 'IN', '', '106'),
(363, 10, 3, '2023-03-13 14:56:42', 'OUT', '', '101'),
(364, 1, 1, '2023-03-13 14:56:42', 'COMPLETE', '', '109'),
(365, 2, 8, '2023-03-13 14:56:42', 'COMPLETE', '', '101'),
(366, 7, 10, '2023-03-13 14:56:42', 'OUT', '', '102'),
(367, 9, 4, '2023-03-13 14:56:42', 'COMPLETE', '', '100'),
(368, 3, 5, '2023-03-13 14:56:42', 'IN', '', '106'),
(369, 9, 1, '2023-03-13 14:56:42', 'OUT', '', '109'),
(370, 3, 10, '2023-03-13 14:56:42', 'IN', '', '108'),
(371, 1, 8, '2023-03-13 14:56:42', 'OUT', '', '103'),
(372, 1, 4, '2023-03-13 14:56:42', 'OUT', '', '100'),
(373, 10, 4, '2023-03-13 14:56:42', 'OUT', '', '104'),
(374, 5, 10, '2023-03-13 14:56:42', 'IN', '', '100'),
(375, 10, 1, '2023-03-13 14:56:42', 'COMPLETE', '', '109'),
(376, 8, 4, '2023-03-13 14:56:42', 'OUT', '', '107'),
(377, 7, 7, '2023-03-13 14:56:42', 'IN', '', '100'),
(378, 3, 4, '2023-03-13 14:56:42', 'OUT', '', '103'),
(379, 10, 7, '2023-03-13 14:56:42', 'COMPLETE', '', '105'),
(380, 9, 9, '2023-03-13 14:56:42', 'COMPLETE', '', '100'),
(381, 5, 3, '2023-03-13 14:56:42', 'OUT', '', '108'),
(382, 8, 10, '2023-03-13 14:56:42', 'IN', '', '101'),
(383, 6, 1, '2023-03-13 14:56:42', 'IN', '', '100'),
(384, 4, 2, '2023-03-13 14:56:42', 'COMPLETE', '', '107'),
(385, 4, 10, '2023-03-13 14:56:42', 'OUT', '', '108'),
(386, 6, 5, '2023-03-13 14:56:42', 'COMPLETE', '', '109'),
(387, 3, 8, '2023-03-13 14:56:42', 'COMPLETE', '', '104'),
(388, 6, 3, '2023-03-13 14:56:42', 'IN', '', '100'),
(389, 4, 1, '2023-03-13 14:56:42', 'OUT', '', '108'),
(390, 4, 4, '2023-03-13 14:56:42', 'COMPLETE', '', '106'),
(391, 9, 3, '2023-03-13 14:56:42', 'IN', '', '103'),
(392, 10, 10, '2023-03-13 14:56:42', 'OUT', '', '103'),
(393, 10, 5, '2023-03-13 14:56:42', 'OUT', '', '102'),
(394, 8, 10, '2023-03-13 14:56:42', 'IN', '', '100'),
(395, 6, 3, '2023-03-13 14:56:42', 'COMPLETE', '', '110'),
(396, 5, 8, '2023-03-13 14:56:42', 'IN', '', '106'),
(397, 4, 8, '2023-03-13 14:56:42', 'IN', '', '106'),
(398, 2, 10, '2023-03-13 14:56:42', 'IN', '', '103'),
(399, 4, 3, '2023-03-13 14:56:42', 'COMPLETE', '', '101'),
(400, 1, 7, '2023-03-13 14:56:42', 'OUT', '', '104'),
(401, 10, 9, '2023-03-13 14:56:42', 'OUT', '', '110'),
(402, 3, 7, '2023-03-13 14:56:42', 'COMPLETE', '', '109'),
(403, 1, 1, '2023-03-13 14:56:42', 'IN', '', '110'),
(404, 4, 10, '2023-03-13 14:56:42', 'OUT', '', '101'),
(405, 6, 2, '2023-03-13 14:56:42', 'OUT', '', '104'),
(406, 10, 5, '2023-03-13 14:56:42', 'OUT', '', '100'),
(407, 5, 3, '2023-03-13 14:56:42', 'OUT', '', '100');

--
-- Indexes for dumped tables
--

--
-- Indexes for table `employee`
--
ALTER TABLE `employee`
  ADD PRIMARY KEY (`id`);

--
-- Indexes for table `office`
--
ALTER TABLE `office`
  ADD PRIMARY KEY (`id`);

--
-- Indexes for table `transaction`
--
ALTER TABLE `transaction`
  ADD PRIMARY KEY (`id`);

--
-- AUTO_INCREMENT for dumped tables
--

--
-- AUTO_INCREMENT for table `employee`
--
ALTER TABLE `employee`
  MODIFY `id` int(11) NOT NULL AUTO_INCREMENT, AUTO_INCREMENT=206;

--
-- AUTO_INCREMENT for table `office`
--
ALTER TABLE `office`
  MODIFY `id` int(11) NOT NULL AUTO_INCREMENT, AUTO_INCREMENT=206;

--
-- AUTO_INCREMENT for table `transaction`
--
ALTER TABLE `transaction`
  MODIFY `id` int(11) NOT NULL AUTO_INCREMENT, AUTO_INCREMENT=408;
COMMIT;

/*!40101 SET CHARACTER_SET_CLIENT=@OLD_CHARACTER_SET_CLIENT */;
/*!40101 SET CHARACTER_SET_RESULTS=@OLD_CHARACTER_SET_RESULTS */;
/*!40101 SET COLLATION_CONNECTION=@OLD_COLLATION_CONNECTION */;
